{"cameraMode":{"drawMode":0,"name":"Shaded","section":"Shading Mode"},"sceneLighting":false,"audioPlay":false,"sceneViewState":{"m_AlwaysRefresh":false,"showFog":true,"showSkybox":false,"showFlares":true,"showImageEffects":true,"showParticleSystems":true,"showVisualEffectGraphs":true,"m_FxEnabled":true},"in2DMode":false,"pivot":{"x":0.43267822265625,"y":1.2362120151519776,"z":-0.00000762939453125},"rotation":{"x":-0.003695062594488263,"y":0.9805477857589722,"z":-0.19551138579845429,"w":-0.018521388992667199},"size":30.88858413696289,"orthographic":false}